{"count":1,"self":13.046984,"total":16.6699739,"children":{"InitializeActuators":{"count":4,"self":0.0020012999999999997,"total":0.0020012999999999997,"children":null},"InitializeSensors":{"count":4,"self":0.0032998999999999997,"total":0.0032998999999999997,"children":null},"AgentSendState":{"count":460,"self":1.8173629999999998,"total":1.8680383999999999,"children":{"CollectObservations":{"count":920,"self":0.0025258,"total":0.0025258,"children":null},"WriteActionMask":{"count":920,"self":0.0010061,"total":0.0010061,"children":null},"RequestDecision":{"count":920,"self":0.014686999999999999,"total":0.0471435,"children":{"CameraSensor.GetCompressedObservation":{"count":230,"self":0.0324565,"total":0.0324565,"children":null}}}}},"DecideAction":{"count":460,"self":0.11605069999999999,"total":1.7366294999999998,"children":{"CameraSensor.WriteToTensor":{"count":690,"self":1.6205787999999999,"total":1.6205787999999999,"children":null}}},"AgentAct":{"count":460,"self":0.0120266,"total":0.0120266,"children":null}},"gauges":{},"metadata":{"timer_format_version":"0.1.0","start_time_seconds":"1737126558","unity_version":"2023.2.20f1","command_line_arguments":"D:\\Unity\\Editor\\2023.2.20f1\\Editor\\Unity.exe -projectpath D:\\Unity\\Proyectos\\SimCarVersion2 -useHub -hubIPC -cloudEnvironment production","communication_protocol_version":"1.5.0","com.unity.ml-agents_version":"3.0.0","scene_name":"SampleScene","end_time_seconds":"1737126574"}}